id,userId,userName,nbvideosvues
22055,UCWtNb880NXKRtPjRxWPfh6g,"Erikinha Barduco",1
22056,UCMzOoJp9JqlAYBM74KignOg,"Gaara Mil Grau",1
22057,UCCGwvQR0lCBeBIC_e3fWlOg,DOCMAN,1
22058,UCK-Dq_Rc0bBbwrk9fwAt-qA,"Max Frederico",1
22059,UCuA843xJR8WbtAw7rtl02IQ,FireBomberBassist,9
22060,UCmk8RxqDYYYBiY4nUI0L3pQ,Vegito,1
22061,UCP6rc_V0VXsTM0d6zhE8OMw,"Noé Violas",1
22062,UCLFTXAQyb8qMevwPpWdr9Ew,Eliott,1
22063,UCGQ9QjXVYTxKldUqZDFeuTg,Uraccountcrashed,1
22064,UCKUkn4-5Oj-9ySvrk_ge1Gg,"Nick H",2
22065,UCP4U1HvElusfy5gTPD_hbvg,"Yoann G",3
22066,UCpKL0YIVT4ZVkM1Flyb7HQQ,ir10031981,6
22067,UC4yoG05SxeMBryQVdU5iW0g,"Janick B.S.",1
22068,UCDXrOmDbrbwjUKsNmxisjWQ,"clément balay",1
22069,UCBNaVGwcvmc44Eg145tLyrA,OmegaBot890,1
22070,UCnXqabiEWvHiImHBvxLma6g,6miesk,1
22071,UCsxuTpj8uNAQL7GRrzgyboA,"Adrián Rincón Domínguez",1
22072,UCqsEC6qqNXVGPipW6MCjRmg,keejeeHD,1
22073,UCtSwJ8Fy7KCAZSRkIHvluLA,makerr,1
22074,UChk5oXJ9OmbzDCc0DKFCa1g,"Tyrone Thompson",2
22075,UCXoNRsu9LjOPXUi-Nhd2oig,"Xavier V",2
22076,UCguW3XMk-TOU6CwESxmRzhA,"Thib A",1
22077,UCADiyVWmR9AnWe7LT5T8mgg,"Vitamin L",2
22078,UCSN6MEzGxI2ZYeX7Ms2irZg,Kvatch59,1
22079,UCAf1xIReEswoUXEgil0W8dw,"Tera Tokomi",1
22080,UCqv2henE4vKDcIImVzcSXTw,fireflocs,2
22081,UCUKhtqofjdTqDp7FJp24YVg,"Ataï",1
22082,UCmnNcmm5ZB5m5akCAkem_3A,"Valentine Noodle",1
22083,UCXijACxBWdrxnUNIpjXntug,"Robusto Gamer",1
22084,UCffcxXGghg2AS0cCzg0QD-A,"Arnaud C",1
22085,UCXa62yqKuIYIbta0YP6YSzA,"Je Suis Sauron",1
22086,UCLoQUGNJJEm23Laza3J2EHQ,Mucrulu,1
22087,UCBW0FBaYWAfnTQ_PV5k7Yog,Jey,1
22088,UCAyRkm9rUaBdsM-25mh9J9A,"Netoile Netoile",1
22089,UCBsRpQUN9I3VoSXVya60rtA,"Nostalgía 8bits",1
22090,UCW38G7xcqtgltlhYUf3A_ag,"Axel Marnier",2
22091,UCKm20rvc0X4RlX1Wt4Rg7fQ,TheCandoheavy,1
22092,UCoNcXx9AX-i7BCS9rVHyckA,HoloBat,2
22093,UCx5dG4olKzCluIonbCdodTQ,"Pernico Pernico",1
22094,UCntSwfDiCvgWORSON1HZrqA,"Ulises Rada",1
22095,UCVgbym_GHHHTdrXuLP_jDhQ,"Floyd FrozenSoul",1
22096,UCngDsTS3YNSTG-NlWkCA_Jg,Senjo,1
22097,UCMPCHZvTfXkZSse9u8-Z5uQ,jaca50,1
22098,UCzCIEMsEZUbJU_8arYcyv3w,"Lexeum 00",1
22099,UCEjJ2YcXYQeOhJgHc-tyaNw,Lumines,1
22100,UCAyBJ1NJ0cMofGIRBcAKpSg,"johnny jazz",2
22101,UCNtbffT3GqqptqKvD1Q_NHw,darkbladetri,1
22102,UCNGM--xw-I1ywd3Hb7w7WBA,Edencrafty127,4
22103,UCkmcVPNfHcMgPMzqG2MuP6Q,"No Chill",1
22104,UCxrSNtgCzby8Hexn7KWAk2w,TheReysept,2
22105,UCXTynZB8RUwhvFGIq5L1Oig,"Proto Legacy",1
22106,UC6lxMcf5AnFJq4sE_41xVgA,Degmo,1
22107,UCO31qqgb2q_qykXn5si1e2g,MegaZeroX7,1
22108,UCvTkkQp9fl-yP0mV3g40Y-w,"Gary Over",1
22109,UCytlS2NEj3CGKSVNNlAhJDg,Hyiga,1
22110,UCB_oVB9JyoaY3-kb5JyaiDg,"Taka Hinotori",1
22111,UCtGHtmJZQcBUmod7-TpOvRw,"Sud 14",1
22112,UCCwnwWv0-zu4i3k_P8RuV5w,"Dragon Izu",1
22113,UCCP40ValzXewc09yj8PbVZA,"Andres Meza",1
22114,UCxQ1PK_jJdYrPgmj5Ui6Gew,"Mystic N",1
22115,UCcFCj9SfSJgwMgnjN-PX8pg,ShelvasKT,2
22116,UCe4vNOiE6JFCTio6DMiNptQ,papygrauner,1
22117,UCUD2bkq1GH59J0XXPZSEiXA,159vivemoi,1
22118,UCVUVBfiJ9eBF2Kn2J2dQ_zg,"Benjamin Martin",1
22119,UCqYp5SQ4fxIeUCLpsd9UNvw,"Beads Art Brasil",1
22120,UCtRidlWvGPmHUV-M0aAtaDQ,"David Thomazone",4
22121,UCdasF5zTstjJwVXTwbpoftw,"Masamune Date",1
22122,UCGJu9xvuq6RKURM-CH-WS4w,"Rainbow Man",1
22123,UCe6nyWuI8sXfN170__5zfEA,"James Hernandez",1
22124,UCZ4SIDtPDvzUgDjJ2jsnw0g,"strilax camille",1
22125,UClifPH3wOR4VBqGvKzsud6Q,Akumael,1
22126,UCdy_8RGFRsO28fPAjG4tOHQ,"Jorge Nicolás",1
22127,UC2scsteaUMMwpQ2MV2JRtPw,Macdevis,1
22128,UCItezlLOGBDT5LC_3Z-ttHA,Leofashionista1,1
22129,UCffFs704BXhqpbL4XG1KSCA,"John Schumacher",1
22130,UCQwMCimHx53D_PDaRzJrfog,FOLAX,1
22131,UCTa-cVPn4inMhghc8LUOvKw,KFlorent13,1
22132,UC3wi5wcvIJ6q99BE1SiZeWg,"Doomsday Device",1
22133,UCZsj3bil01klZHKTjB4XBig,"yellowpig 10",1
22134,UCMEFIaYryqbfie6RrjY-w9Q,ribot02,1
22135,UCubBxImODw1D79-3NDYMfxQ,"all sounds the same - intelligent music",2
22136,UCNu5NsVI-FrCX6MTN_9_i6Q,BigBlackBootyDaddy,1
22137,UCw0b79R0j45si8ZVFe1SyNQ,"이섭",1
22138,UC-Zyw_V0UYgTs3oRh7viAhA,"Jaegar Ultima",2
22139,UCBzAz7CpWwrV-iyhYUacYJA,"Cosmic Man",1
22140,UCsBHZED9WfoZfVCdodLJ71w,"keoshi Nayares",1
22141,UCVRICl3laBc-hH3y0BKs4tg,"Mario Paul",1
22142,UCy3tPZT2upDm9l8ycf8paSQ,Zoakith,1
22143,UC1mokGGrnmHUkJmtGWMRwRQ,"Joshua John Dingli",1
22144,UCUGLRTP97DxldbLNOKMeedA,"Jake Coppola",1
22145,UCeDLW2N4a926Rcy0eVg3epg,SitronVert,1
22146,UCM6vHVEoaGVUQR8yvHGntZg,"Gavin Dragon",1
22147,UC4GGiOqsvH0_j2UbRdGM5fA,"Kickman The",1
22148,UCN4f-719_OtZFH3z17CXOwQ,2wMaliman,1
22149,UCYh3s5XnUUptbxf8i2LQt1w,"Infinity Duel Master",1
22150,UCztNF2HPNqVSVzkRCHBOz4A,"Embrace The Light",1
22151,UCgA6gSZ4xqX9afeH3qWULRQ,"oO Hal-koL Oo",1
22152,UC8ZZdDhRHoc7bv2KKu8gURA,haaaaaaaaaaaa,1
22153,UCS0PdQc_6ATbuB5-ySVOV7A,Rai_Zel,2
22154,UCrCuBNpAcj0YIHGBxQ2TDXg,"duk bomb",1
22155,UClTyxzcYjVQvGufnKsx_R6w,Ehko,1
22156,UCSkeY5PBBs0-fdS-fCDSUfQ,"Captain Knee",2
22157,UC7VjYYS2cMdlRCTpgSv6b-w,"Jorge Arturo Sosa Quintero",1
22158,UCRZ_PjA2Z7033M32am3lLHA,sloppymantis,1
22159,UCjhTCHaOOquV7sfpBSzSluw,Sonny737,1
22160,UCrzP59fKykpHpD_6_YLbsgQ,"Exiled Monastic",1
22161,UC9UIuyGT0TCTyv1jz7fjBeQ,"Barba Neggra",1
22162,UC7-3IhQzY09Z2CMyGWVz91Q,"Kiryn Neko",1
22163,UCTk2ZQm7dQnJp-QztqUvAHw,"Lisa Taylor",1
22164,UCPg_ogX2Yx1vtHQN7CHtKXw,"Martin Aubert",2
22165,UCrqp3QzzQ61bLviIE3ClfEA,StanislasLeLama,1
22166,UCZU3Xn4GIr_erkBCFM8sqPg,"Antoine Beauvois",3
22167,UCiA59NQBRO3c3nu0jR4OhBg,"Train #4",1
22168,UCPPCvNGa48QkAMUR80Imecg,"Jake Compton",1
22169,UCsbWaMie_SL95fKw-kKBEdA,"Laurent L'Hoest",1
22170,UCbWChkHBAbqFgC1evaxm2Dg,SirChocula,1
22171,UCVGd_qkETbgevlSG1FORtEQ,Dryon,1
22172,UCPq4hnUk1ZyL_koa5szZDLA,mascot1063,2
22173,UCcKi3PAo4yVzjs2aRKaj-AQ,"Tsolemn Beach",1
22174,UCxvKRPmWryYtfZrWiYq04bw,"Joshua Belmont Reese",1
22175,UCE5DmHvNO8pkPsCS_4MRwpA,"[SMN] Predica",1
22176,UCPENVHdAhiw243bJyXzigBA,"supersonicman10: Dat music remixing let's player.",1
22177,UCfYtaSSc02e4Tv6EeOAwDxg,"benjamin lm",1
22178,UClF_xaWOBbc-ru074_zTtpg,Yunohuro,1
22179,UChkXuCk4WY66lP-NgzjyKvA,Shalashaska,1
22180,UCLVydBMzcbRh9LIGUTLjgzA,"Vladimir Cauchemar",1
22181,UCt-173gMl5vzH6eEmHZegbg,mistamontiel00,1
22182,UC4qHdMC6PTXSWpC-9Zr-Wbg,Konradix05,1
22183,UCRimElPGccPl_gJk7L7avXQ,"Cosmic Gem",3
22184,UCZ7q43MFRdLrIGOI1Kl8dSA,yinlow,1
22185,UC482k8wmyx-jX4l82KA3Qiw,"Billy the bum シ",1
22186,UCxB2uxBgaMIThRz_lGrcYvw,"Cristiano Santos",1
22187,UCLGlOGmfo1dXhGe5oSjHyHQ,"Chicken Joystick",2
22188,UCdlo3qwlOKBqCCh93lLLoaA,"Adelbert Hartwell",1
22189,UCh0jLmoO8Qph6fcZkXmlmVg,OriginalMasters,1
22190,UC30BxVsQCNmviUPy4vei1tw,"Oliver Lluberes",1
22191,UCzLu6nAK37fsOMPAPfxNesw,"Carona Nigma",1
22192,UCh8YGQQCz0KeMHYVavp_HJg,"Johnathan Andrew Rogers",1
22193,UCiuckEl2ESyl_tWpYcrsRQQ,"Nice Nate",1
22194,UCFnW2Az0iuNOwI6Wgw6R3Qg,handicappedhero,3
22195,UCcL8U5IJNsJrIOeDvdNkvfQ,"Esoteric Archives",2
22196,UCcRYwgaWczF9p7vcytQ-6Bw,"Raspberry James",1
22197,UCwdoS3acr5WCEue8QU6wtVg,"Maxime Profundis",2
22198,UCZkTHmXK8SnY8sZ6GmsfZZA,"Gabrielle Garny",1
22199,UCAHTkWxnsANWwPV8kPa-2PQ,anakin66,1
22200,UChNZOCrmTFPcDuOX0Ec5Tsg,Othrws,1
22201,UC44UsGqjXkDMIZzmKZH74ZQ,"walla dimir",1
22202,UCVyd72lg_JeXNPOJVIH7IKQ,Miwasashi,1
22203,UCacCo36bWroMCsRYfMsV5jA,"Reyn the Insane",4
22204,UCvsIFO1H7wMVV2kzZXoi_Qw,SpeedProGaming,2
22205,UC8ncTu2v5QydHwedFeNa3pQ,"Raspberry James",3
22206,UC_IDRiNMQpSaz2LuYaWQcLQ,Zero,1
22207,UCEPjoSpKzoQsymfVB2b8zjw,"Alta Bavia",1
22208,UCMFXwrChMxxzJWFlYj0pFBQ,Bond101,1
22209,UCqgmtA_ZvKrXN4Mgbbw_kJg,"vera lucia Neiva",1
22210,UC7wYiN_eimtJ1HBzHsOG0Og,arlobo1,1
22211,UCbg--UPHm1IZS3NBs0IiiYQ,profedemate2001,1
22212,UC2n0cKQ-qRgEjuT5cdjpSVQ,"Maik Thiele",1
22213,UCjMo4GZ83jMpyJNvBIlpSGA,bluefly97425,1
22214,UCVvz7szYVg2FstLDhZBw05Q,"Aaron Rodriguez",1
22215,UCDf7OIC0XIUnCI5OapzLrWw,"Dillon Bullock",1
22216,UCS2PO2JELZ0Wlpf55TtxVPw,"The Red Caller",4
22217,UCGt9O3mBXEPPDI9mdSQdlFQ,mariopikaman1,1
22218,UC6H5JQxIyKQHTA9KeDU8rOQ,"brian botkiller",1
22219,UCMoVKnLGibRogo7jBLullkg,chanterelle,1
22220,UCjLyqFP_ubGXyrX8P4UPw_g,"K D",1
22221,UCoQy-b5oTmyCh2e_GcCWyVw,DaVince21,1
22222,UCfstbRCSfCMTYaZuRKwv0rQ,JemWyp37,1
22223,UCDxOAtCt96iJbVB6xQci3dQ,spookswagger,1
22224,UCWeLqanvtNY5kYX93JputPw,"Jovan Nguyen",1
22225,UCIU78fDhwipYhOvvkV_eHoQ,"Aaron T",2
22226,UCxGwIx8yanx6tL7Ee7An2AA,VigilantNate,1
22227,UC5XD4yR7cgCZefVdGV8epxQ,"patrick smith",5
22228,UCo9CMmzKxf2s7_BhNSZ8ESA,ikulity,1
22229,UCUblj-GSyrOSCkGSfSG6LzA,"clement Sabat",1
22230,UCVY4HmAzrEsVc_PiX4262Yw,"Plop Ploplop",1
22231,UCkTAkrcZ3_1Cs7vkCWMB9NA,Linkenfant,1
22232,UClBbTbLiXUUk7t4vmRMCzrQ,"Ark Crysta",1
22233,UCvdEp5J88vhQR2fw-e_im4w,Drillmount,2
22234,UCMwL8z1uiWnw4ZzW12PMp_Q,burrger2007,1
22235,UCswUMADkhbpMbivy7DBuBZA,MasterKiwi,1
22236,UC360Sx2vlwMnzJg7pW935Gg,"L Dyzii",1
22237,UCLT6qPQAPGS59Mr3xeX6C7g,donbran92,1
22238,UCJNqfi7bSC165xM3gSpgHZQ,"Vodaz (Dark Toirtlez)",3
22239,UCstTYU5NKwahJBe5QNghPUA,"Tohisu Kael",1
22240,UCV-lEuQsn9TxhCDOGr8VQsg,"Fabrice Coclin",1
22241,UCIV5UxRioy0sOyM5NDOcFmw,"Pierre-Édouard OSTERTAG",2
22242,UC_BL9pCrm_jvIZ23i51yz4A,"Carolina Santos",1
22243,UCW4KSjEJSb5TLb81zGWeV-A,"XxX Chicken Slayer XxX",1
22244,UCcmWl1tIo2LbWwckT9zwOjA,JeromyTG2,1
22245,UCbaHiJu-qga92ok-78kIsFg,Johnnyboii,1
22246,UCNLqAxIoPihjz9K6wCpNnwA,Victorien,1
22247,UCf9aeYU9AjhmluZdBWZaHOQ,MagicCow,2
22248,UCiMNhraif7QLNBLwSwOR42Q,"Satae no",1
22249,UCZyEXcKuKW21BZcZZyrmyaA,Grozank,1
22250,UC4VFKOcSBWnDPQ64rty0qhw,DioTheKnife,1
22251,UC-CZidcG7xtO45bEJK625Pw,"David Spyro",2
22252,UC7NwfDE2nu2KnBHQ4LVBFXA,"Bruno Praça",1
22253,UC9rAbvpICR5FoZa5zuEFhfQ,"Christian AKA Rustbolt",2
22254,UCkbJd-91KCF2p6EuiC41FFQ,MeownaMeow,1
22255,UC2R9UGO-0vqvFFITb61UiRw,Pouky,1
22256,UCmgJv6X8OzuL245b2W4XQzw,Nosstea,1
22257,UCI4GwqePjSANosRc6GRZZaQ,"Bon Fromage",1
22258,UCwHeRh3DZAJVXV6c9sx48Sg,Vatiti95,1
22259,UCKvUsPGqmoKEJDiYDCp4h-w,"Agent W",1
22260,UC9qvlTd73lnIHt7Dr41j0LQ,Genkaku,2
22261,UCPSXbtjwqUGM4jO4mIyleKA,Syatus,1
22262,UCwfYZK0EdsVekeYLJqkp_Cw,"Fictional Sanity",1
22263,UCgjdJZCn4fsQVFWu3-KButA,Mishinagh,1
22264,UCM_a6ptNlU6hziBxGQiUuDg,orion78fr,1
22265,UCpzr4bbgs19qeRDw6uB3-SA,"AsmoSama & Satyvax",1
22266,UCB0spGzIl6DohBt_YWe0CJg,Hodor95,1
22267,UCLzyvELKLF3mmLPNfdQMejg,"Matthieu Goudard",1
22268,UC6nN1i5rGIAZQXf3lwLUvuA,azerty67,1
22269,UCVIJL1gKzAWNFTuzzcO4Cjg,"Nelson Belmont",1
22270,UCwZVADrOdqtBC7Jo2jrX_GA,"Merochi N. Hikaru",3
22271,UCdoNF6ZPKYE8UivrQjsPiyA,"That Random Spriter",1
22272,UCtePpbSJKeSVx3FE01wKQ1A,Pumpkind72,1
22273,UCuy-dmvmx66W8c1HrIRVprg,"Nathaniel Parr",1
22274,UC9nSu_sZFy5e3xeYCqmiaoA,dardevVI,1
22275,UCA1eeJeY7CF_ALSNZZy4ZMg,MTK,1
22276,UChwJoyq5o0zleCnGMnJhk3g,TomKrouze,1
22277,UCm7aFu8fFiVYm9meH5SJ1HQ,"Hundill Maggle",1
22278,UCjoFtHZgosiExgxj7wzi0Nw,"RustyRail Gaming",1
22279,UCpqKge98WPjOpNi1ymJIyig,jaemiejaemie,1
22280,UCgy8sKIB90AHfGfthQDmyKQ,SmegaMan,1
22281,UCOJwJpr8BqEaIOpkfF2HotA,necroplastful,1
22282,UC7JWDc6CYlF6L39VnC7Syug,michelrpg,1
22283,UCzzBGBszF_KIYzAD1ByuA8w,ProvencalG,1
22284,UCd1k8bC_qQlfd5hlLI-LRSg,Stee1Storm,1
22285,UCBS3OmlhknxwjE1ir5rLWdA,"La minute Arcade",2
22286,UC2w9AUZ35g1hqvU30I7fYTA,EpsonV3Revolution,1
22287,UCXfyJYk4liB1AcTYHgSwurg,"Huskies Plays",1
22288,UCH9OZ7QhNHr37zNiS-kPRag,"Bruno Ferreira",1
22289,UCQzZM3s30xXcmn47wcMGtwQ,"Føwks",1
22290,UCiK5k9Ei0rbrzrqxAXlRZGw,"Jorge Moleiro",1
22291,UCeBo7BCP1lMOw0JMeK4F9Yg,Glioburd,1
22292,UCWZss3cih0c6I6LKuhi2z7g,Newportal1,1
22293,UCVwrNUiG058V-Az9ng0j2cw,MrTrippleAAA,1
22294,UC_J0HFp7gNMidiQpaZ_Axrg,"Lord Gorchnik",1
22295,UCqUQGFIgxoJanLOPdD-p9YA,"Joe l'ancien",1
22296,UCJN7kUvBAaHmk0lDUFX_IPg,CrazyChippy,4
22297,UCckOAJr_wssTNH3pISpsgDA,NoobzOfLegends,2
22298,UC3vmP--dRUdkuUtR3xlhstA,"Alundra FLINT",1
22299,UCVAyxJg0v4xW2UbQJpOyPdQ,"Raillus rétro rolliste",1
22300,UCswKEN0oakDmuqlOlLTjyUw,jom,1
22301,UC-AqSB9G9NdcloGg9Z4sBBw,bboystance77,2
22302,UC16d01IXZExfJBxwm6kw1Uw,TaleDreamer,1
22303,UC_wBN1D3VUnsalfwC7zJaFw,"Brian Enciso",1
22304,UCNBHaQ4r9lL4nmxD8nUnJmQ,"Miguel Rendon",1
22305,UCElruIDzFWxOv8FQ9GMycIw,Lutherian,3
22306,UCkkrpFzcKPJs2vcSx0hPO7g,"Vincenzo Santacroce",1
22307,UC1p2YcfnzuRDmI-1W9XDZqQ,Venormouss,1
22308,UC1N80DKvAsOTS4tUga8ISLw,"Chris Jeamme",1
22309,UCb_TX6vaSSfxgu76vjBqspg,"Paul Welsh",1
22310,UCVeiIlVE8lFiAMFw8Fx5cgg,"Mr. Popo",1
22311,UC1vhXR8Dg3YmnLWcvCv6FIg,footillustre,1
22312,UCA8Yn_UXzI8EeqTDEdwvhTA,Tablation,1
22313,UC_o-6WOX6Oyy2vZBr31XsJw,"The General Soundwave",2
22314,UCG0h7bw2O6auBpZ1nYhnyGg,"Zephyr Windsgarden",1
22315,UCKS8fz_FVWDLxa-uAIVnXFA,connardman,1
22316,UCEfvySmceBcO0uTsNcJxBbw,pescador,1
22317,UCGTgl7_GUfetEHpG_xlmmDw,BeatmasterAC,1
22318,UCL8ndmX5FD1_N2XkGj0x51A,"Oscar Tovar",1
22319,UCREYKD_NA7g-JgOyMM49AVg,"Ricardo Dirani",1
22320,UCzRa3llo6IsK7nVdUXdyz1w,"Alexandre Modolo",1
22321,UCAmjVX62oPxohH6JuKkihkg,"Universe Under My Skin",1
22322,UCycoE0gn03Zr3dXxcW1E7rA,Onivinko,1
22323,UCj7rvpbfLLAPDzRppVr1nHg,"Simon Kilmister Gav",1
22324,UCOgucbYURrXNTswdb5qikrA,MaksymDesign,1
22325,UCxPo6iYCoOhxdVm6nYDBpgg,Dynam,1
22326,UCz5MZ2qvTqYJvN01I5aj0ww,BookadOibs,1
22327,UCesB7Lr7fCklOz6bsGfO6Zg,reguedebulle,2
22328,UCCJa1ec7RZ3O83dni2K1HGA,AstroSteps,1
22329,UCtKYsiuWKqHctQfm9anRCsA,"confetti aZm",1
22330,UC9HVp3Boyg-fql9xVEuJ5wQ,madProgenitorDeity,1
22331,UC3SLk50bvlivTtnFZqk-bHQ,benzaieTV,1
22332,UCH6zNZ6tOWECUKYN6x5waGg,"Reed Kellogg",1
22333,UCW-wj872b2-iibdKtipwE0g,cht5001,1
22334,UC2INfuc6R4jLFRGYIfviLNg,Cardouille,1
22335,UCL_97Kp-Y9dikclkIB51uCQ,"Super Hamster Gaming",1
22336,UCSEUR3ThQrLO9d4KsWVzvTA,"Kuroi Kenshin",1
22337,UCiAtnRPE8fMWbASWS3xodfw,lecorbak,1
22338,UCS-VmJoYR7Y_PyNSnzQVtUQ,"Cameron Moyer",1
22339,UCGobsIB72NFvdFqvbQEriew,Dr.Creepypasta,3
22340,UCVlKL0Got9it0Ue_7tjzYYQ,"Taille Haie",1
22341,UCa6xKZlIGUMKbe7nnvvlK1A,nippon19,1
22342,UCznQjbLr2uZ6TQLgFoq_A_Q,"Aki 秋",1
22343,UCDJVDzh_no4QzYnoAuTKwHw,"Radus Malestrazza",1
22344,UC0G_sLXhZHcdbB1iXPHEaAg,GaiaX5,1
22345,UCGcgtp5VDh2jgSZRCaflMdQ,SonicSlicerX,1
22346,UCSCPRBNjSbqGnqJRc08TmTg,"thomas hostens",1
22347,UCSfYTbvd383HN-wAPC18yDQ,MBackBurner,1
22348,UCfJw8HHfW5tnT2bKMNgSWLQ,KurazgrizKun,1
22349,UCKIMMbBcMecZT03-7g9ARmA,themaniak3600,1
22350,UClNVCkS3nRN9jN2RYZJwo-A,MrOannes,1
22351,UCkY38QRh05J1twimEMwKkbA,EurekaseveN131,1
22352,UC4gQj4nqewyRNw8QWAIBWWQ,Datpokefan649,1
22353,UCpeW0hJnIrNSHEt9gEn_mMw,"Althurion Plasmabean",1
22354,UCxXvzu67QcH2hOMY7_qBuUA,MaverickArrowMusik,1
22355,UCp8TZolgQnO4l1nH2x0yiuw,killerofsnails,1
22356,UCaYnJ73eqO3Oc_Iov4VUCMQ,"jeje hache",1
22357,UCbO1QP7Ab1-chVGaWkiHa_Q,"Ryan Jensen",1
22358,UC8IDjWtihtPvzs51a8RLakQ,jyffreys,1
22359,UCLClfr4YZGX29FWu8F9n0nw,"Tyler Nugent",3
22360,UCkM2acr_h41UGMasLToBv7A,"L'Homme de Goût",1
22361,UCh4eEZNU0AT5JF--KrBYK8Q,MrPhantaze,1
22362,UC1guuDJmIDOOryPfz-FjLiA,"Steven Rojas Tallon",1
22363,UCxM5Pn8Jl1UYDbHKJzgoiYA,Necrodulia,1
22364,UCTnU4Ffbehftics2IPq46_w,TheSuperSNES,2
22365,UC77pj-Ed6-oDywvPWTLwvig,Goodknight,1
22366,UCpu7CqKqnxYJRvpdapWW6EQ,"Lola Muy",1
22367,UClyvTNKj8OsLrMCsqyGWtLg,ridley888,1
22368,UCSg3C925ZMt_uZcDxoAgqww,"RLux Live",1
22369,UCc7r_pVc9aPXigczMuMdInw,DoctorVic,2
22370,UCGQvW84XriXSxB528lLKdeg,"Calindi BlackarmII",1
22371,UCQ7nmuheGEjdsHb1oVpxK5Q,"Corentin Prevost",1
22372,UCrCpTrf4lWnAhdnCVWB_6Mw,"Jesus Christ",1
22373,UCTJGOOGDab2RS2LwH2U14SQ,NeoKeePeR,1
22374,UCpPiRDN-pu-KRdNtAxFMFaA,kuttadid,1
22375,UCAIM_sHnogDTxpdvjNsz8RQ,HouseOfNonsense,1
22376,UCeFKsdiE68kBtcdg9oCP15Q,"Kevin Walts",2
22377,UCCeHpUEQVCyusF7IzTF_g1w,"Cartman Gureeto",1
22378,UClt1KIw4b7eX_Gn0FeyOACA,ekinpx,1
22379,UCQ92KGpsvJHVZmNzg7XOtyw,Jojo,2
22380,UCiHwx_KCpB4kbp5HJT1bApg,GameQuickies,1
22381,UCZuQlJfOvO3L1FpcZ_QRO1A,wolftickets1969,1
22382,UC6Ly83dMskVUd8iBkpBDZ1A,RaidOfStorms,2
22383,UCuweqB1ZaO9qaXol-y1FvgA,"Simo Vihinen",1
22384,UCydKAviqL_eQoCCkCWQZ73g,"Morad El amrani",1
22385,UCUkSVfF3iBrx3E9vvonpWRg,Yarott75,1
22386,UCS8p3ZnLvGrvQkJrPLbJotw,Sheikzer0,1
22387,UCph2v1bjassVPY3ssW4Qo_Q,"Connard de base",1
22388,UC_G_EueGncHcbRChwRc5SEw,SparkOfFreedom,1
22389,UCHdinXoFRf1rtUAA4IpclOw,"Benjamin Brewer",1
22390,UC4XEtVUCrTnPhBCLG3OoCng,FCEngine,1
22391,UCpQxteMH3Ul1d-HtCAiTGHQ,Enyd,2
22392,UCWNNUPnK2_jl0Xs7_vra8DA,"Arthur Schulz",1
22393,UCw3KX6XNC6LIk9rQRjhCkXw,5um4nu3l,1
22394,UCQVGW2nED_QBWFt7ExXXN1Q,"NEW CHANNEL! - channel in subbox",1
22395,UC9UQEuVMWhJNCSOhnCZlyqA,NoMoreHeroes,1
22396,UCGnmCNOCMRNXU9jj3zm_-og,LeCarl99,1
22397,UCGL_Z5mTJT05JTDUI8-s02g,"WolvesStealth F.",2
22398,UCorKFUQbCGzhDrKk7YcgI3w,gitanfou,1
22399,UCFDHmxkUW8WnOk4GgfpuntQ,JahOneBawBaw,1
22400,UCfvBnOdvv5hn3vy1T5IUeUA,"Just Finger",2
22401,UCOAu0ikrK5GbxsHE32b2b4g,"Loïk G.",1
22402,UCMDRuUy1Hg4aoJyBhv_8hrg,Nobiax,1
22403,UCklEtdDxzoHiX7Qh77euZ1A,sadaukard,1
22404,UCLzw8prKLAa5UYN3uYh22wg,"Victor-Alexandre Maison",2
22405,UCNDRcqi3OnQ8UPi8ZtHG5eA,"Morkitus 60",1
22406,UCxoWmsTEA9jx4lUepMBre3w,"Jité",1
22407,UCeLd4O1UR_6C1v2BKAhA8nA,Zackalamar,1
22408,UCuz_OQAJqSuhwqQMgsWudpA,"Jena Lee RK",1
22409,UCzcWWj4sLDmOfSBWDIuSNew,"MegA BiloU",1
22410,UCbgyr2SuRPBKM2PssSETChw,ztitus,1
22411,UCVo-AX-mwcCRCr6GmYyWwOA,Re0D,1
22412,UCUCLTsCRfQgqUG58g52UwQw,"Dr Wecko",2
22413,UCus9EeXDcLaCJhVXYd6PJcg,mistermv,2
22414,UC62pirKgR1LmqL7JIX3xoog,Ika,1
22415,UCie4rsJsQIx-wDW7E44wyjA,milleniumstargazer,1
22416,UCXvqqD8mTQzkIZF83HX8SkA,Merxyl22,1
22417,UC0ZO2GYyH-fvi5lzY8btl5g,"Khuea Furia",1
22418,UCufl5YWEDa-1vZWG9-sGIWA,"Vich Lenoob",1
22419,UCdWGolxVjKZDeCFGrU-DVOA,skaramynie,1
22420,UC1_3dYXvKRd23MI5oACn8SA,"Romain Tran",1
22421,UCdfjmoUPlkUW01aVNZWNZAg,PipoZePoulp,8
22422,UCopNsGxfyJXRDHsTfqoZ_5Q,Keikun,4
22423,UCcmQD9n2MISzwGI9dYtke8A,"David Chen",1
22424,UCupmNyGrGTawO-MiG0VE71w,BigBangBlitz,1
22425,UC39-wl4qdXTzaWMyQLSKs_g,"Kalas Mira",1
22426,UCydTV8HKGGo2WYeBKD8OFbg,Keaton,1
22427,UCuIAdhsScfhO7cDr8U_NPog,PHILOSORAPTOR,1
22428,UCwdjlCWGAXKtZdB2pSfMWlQ,"David T",2
22429,UCora_71HNEyxdnwn1BCnToA,Guigouz,1
22430,UC--BkOn8ir6SQpkdLHAo5mg,emrico06,1
22431,UCuaLeMWggbJKoeUtGIrOvQw,supermonkeyCL,1
22432,UCRbyAQwPWs8aFXwQ23qAZRw,Jaytone01,1
22433,UCOxSgyjnf5_WnYpU6Pt5TjA,"Florent Basch",1
22434,UC0Q9c1BJgRMdPLyLzpPzbdg,"Darius Calmé",2
22435,UCZTOsnQ2ZSMhfy9vBWitLFQ,Logeek044,3
22436,UCHRDfHpBMwWGieq_0TBuHyg,Go4nssj2,1
22437,UCc4HZY_lLNEPnxO3pjwe-qg,"kamillou - Ancienne Chaine",1
22438,UCycUW1E3I3asRd0Nx68e77g,CreepyBlackCat,1
22439,UCkRdl4ytHpXL_z3hycpbeBQ,"Dadou Mibaire",1
22440,UCLaflFYRI9gWrdfsIWkKBZQ,"Romain Betry",3
22441,UCNyKm9VW8pgxeeU5-max1Vw,GOFUTAGOGO,6
22442,UCJ1c67rodmxNX1bBNPCUrDg,iTzChomp,2
22443,UCYsAbxwvBXaB5iVirJ8pElQ,DrFakopawnch,2
22444,UCsoVFPZ0ksbczeaRYIL8_IQ,kolaristo,1
22445,UCzGDJSQUqXM2iAxFfohgmNw,HDGamingShow,2
22446,UCZEJMFRB8RI6aIcluvCH-WQ,Tygnass,1
22447,UC5_phJmduQpzfdgUs69XYtQ,"Mathieu Goarnisson",1
22448,UCGhdC5jO-5ePLg8b_NOS3AA,DartictheuniC,2
22449,UCdnVvtDC1NZNXoL9KoLxM3A,KonataXIII,6
22450,UCbERQBEW_0hdWf1czS8BqbA,"Anthony Hupé",1
22451,UCJubyn2ac-W0LxJtYPEASpQ,cAyou,1
22452,UCW1G4VKFoeGtvGR1yo4sfSg,"Dg Barca",1
22453,UCXszKUgxyGlE5qq2qW2f5ZQ,NwakAqua,1
22454,UCNB5xtvkRNyUiNxs1OnLoMQ,UnNimois,2
22455,UCYlbb4jtSrCmev6TeohXu9Q,"Urtado Benjamin",1
22456,UCpjyMe1bfn5AW_nUvs0LkWQ,Heimdall409,1
22457,UCfbO7KTswvRstJGzZyzLUww,Monsieur.,1
22458,UC8HPnQoo_1mjfA002hKr9bg,Gegz,1
22459,UCwhz-271RiDIyO10VKFUIFw,"Anthony N",1
22460,UCzfgTX7fckezbGb_vV3gVvg,gthr89,1
22461,UC-u2e5Klq32I47-t9YK1hvA,"Airko cotier",1
22462,UC5Lecvk8M_a-_pGN2tJWOrg,jackylafritasse,1
22463,UCrkKFOvjmimcv18Fvt2ux5Q,"Live Ryu",1
22464,UCT_aZeQZ3o2LYcXfAoRu0XA,"POPOmashutā",1
22465,UCKLLyVRjbOjrC3mkl7uWh_g,Lzerokhein,1
22466,UCrwT_8L74_TtTEj2EERJt2A,"Frédéric Fréville",1
22467,UCK-2pcnc-9P3UUP6nWcvlfg,"mathis raposo",1
22468,UCFV8cIxY0r61lD99_toncbQ,"Kevin Maresu",1
22469,UCB3eS7inCHTb_9_ZCepIEAw,Alexrandom,1
22470,UC3-8OuRq3Yw6LmsvJFZ6mEA,"Reiko Tsukiyo",1
22471,UCbAfhN_j5omaJTm7OJZATmQ,kerjadae386,1
22472,UCGK-tXjzGvEyuHZC5wEQ4_A,Yoshikill52,1
22473,UCLcKH0n_WJC_yrqVNMtzdEQ,"Rénald C",1
22474,UCMfvfYdvL5-F7bVoxGQwT2g,ArtistAre4,1
22475,UCmL10dHCevI3zOmSb5KPl4A,jeisda,3
22476,UCY9g6nGZxaV5QLosXYPtGDg,"Jérémy Nagayen",1
22477,UCY_quyFODkLM9m7bnqAiyxQ,Tpcool,1
22478,UCw3vGMq024V4FQFY4ISPsZQ,"Zhizn Snake",1
22479,UCLJL2AC6DaAP1KsnMGz6XiA,ampeater777,1
22480,UCGUjFyIekLISgMnReqMgNig,"BIG BOSS",1
22481,UCbVocl8O3u9WZh8jEPmvpiA,Mantequilla,1
22482,UC0cfESWNl--lvu6yUO4-ftw,RichieMakyura,1
22483,UCME7WNHztf-EP6mzVuKpRsg,jrtcsh,2
22484,UCW5FE9QyTR9WPNMQHay6EHw,TimiderBen,1
22485,UCGzLP34ejDGfY5sFgI0CQsQ,"Khrene Cleaver",1
22486,UCxbjtiVzEd1EUsj-cCHMFow,SuperGoemon,1
22487,UCyiniETcraX4sIZvqij8xxA,"Aaron Johnsen",1
22488,UCrp2MB6cAftnx0pk1BGde_Q,"Leo Loustalet",2
22489,UC3kVcSToQv3daBmVos6a1sQ,mikemayol,1
22490,UCsds7CtfpduXgtgXJMlZGMg,Jull,1
22491,UC4Wixgl_C3wIdRPloIy3SPg,Xylphon,20
22492,UCwrsE9PJ7Kn0DKa0nFMkDNg,"Florent D",1
22493,UCbWkvCYUKAkV_A5f9D6HiiQ,TheRipper999,2
22494,UCedhP3KlGW70V5M3R0jdYgg,calvarez6661,1
22495,UC2e-XmVMyfZQuKF1UWMwJSg,Klampin,1
22496,UCNPsTwZNK5DU_NuZ5_1DwkQ,"silvestre jose da silva neto",1
22497,UC6IblZHJko_3UAC3DMWqJXA,"Midoseito Akage",1
22498,UC1psVJpREpwkybcEMvPbqxw,TheSidSDA,1
22499,UCQhTobazW5ZiY9f-BGNn8Lw,"Dy Ev",1
22500,UCEZNeYj-KBTy-6SbLuL-QyA,"P B",1
22501,UCNd9Oe7IxEESFpKMn9q-Yog,RyanKicktheWorld,1
22502,UCMsMmaBaW2ykP5v6qd0ry0Q,yla,1
22503,UCJ7fmrpTlgsg_L4-q2mLG1A,mcmixael,1
22504,UCLR7RBXYqtcHL9WhyNXYYug,itsTitle,1
22505,UCyKdoH7P__fQTCtZMRtXMfQ,"Bob jones",2
22506,UCeslgipuTvoERIChqjrVkrg,Puffin435,1
22507,UC428qYKJR-yOlM2WRAD59og,"Le Versoliter",1
22508,UCkXfSdSDakjvbTKSpTetYHw,"Alexis Zitor",1
22509,UCpnFoh7QZyBbmSfUrV3XDYA,"Eddie Givens, Jr.",12
22510,UC-1pMkvQ7pPVoaYGwP7lLHg,Mune,1
22511,UCMZylaW6_Op-u8j6m_SNYwg,"Nick Corbin",1
22512,UC_j5q7UrjG-q--cWzTmFw2w,RVBW,1
22513,UCorxDa9Cam_vSX1s03_uE7A,"Malacobe Jizobira",1
22514,UCJB97vd3pwNcZ6BRZmu9wCQ,"Bejito Kanata",1
22515,UCuAU1M8AjD6InfTjcEhxggA,surenintendo,1
22516,UCQlINIrRoLrlkqIGou9b--w,"Chris Rivera",1
22517,UCcS29KV19Cj50Wtzm5GK9dA,Nanox19435,1
22518,UC_2AxD5NWkMPlBc2F1OROcQ,Saxtoni,1
22519,UCZ9N_Rc_KLdsfVanq-he1zg,RobotDeathParty,1
22520,UC-LhZ59kZlVu-p2hm3q_h3w,ganon1664,1
22521,UCa3Seme3kvDc1IMXnzPP6Mg,Xzarfna,1
22522,UC8-OcNXRb-mETe2SvvHVC4A,"Richard Becker",1
22523,UC-eZSaKsu7dlcBJo9N776Kg,littleredguitars2,1
22524,UCusT5C9mTIho8zjL0Rl05Fw,HyruleChosenOne,1
22525,UCFI2UbnllsrU6HaC9GQ92NA,"Robert Luna",1
22526,UCAmMR32oP5qE2yuRyamNk6A,"Gwyn, Lord of Cinder",1
22527,UCpsup0_IB9L5E_v4aVquXog,AlphaCentauriusX,2
22528,UCDt1tpAx3WluYP1yfxxuqPA,"ian Wyatt",1
22529,UCgkFeSF7zpql4Ketk4XEbSw,"Gekson Carajin",1
22530,UCwPDRSuXtW6x9D14D1PfzcA,ponisito,1
22531,UCV64Q4iuvEhODIik-WG0xhA,"Emmett L Brown",1
22532,UC64TcGjeBF8jhTqMoR9cOFA,"Skibble Dibble",1
22533,UCWcQ_QAHjUl42vDgodSCW0A,JunkyTKorn,1
22534,UCH3g-kj1Zb3F2Dy8-JKnKiw,Floxit,1
22535,UCkZL5Ov4O8ekuAIaVC5Y3fQ,"Tristan Hakaize",2
22536,UCkQ8ZlNVg_TLMafecwQVmfw,chrys34,1
22537,UCHd_G_ZldQWGPQLfTu6VheQ,JeJoueRandom,1
22538,UCDSF6dEwVp8Txf1yGiUEI9A,HanHuman,2
22539,UCP9OS9VdMljVqavzmehli1w,MadAngelus,5
22540,UCmfF13g6lnLX-ZySXD1gn4A,Neurotoxxine,1
22541,UCIGJxyvHzzOaP6uBqe8TTSQ,cloudstrike92,2
22542,UC7qeNs_j6p0KuPCdc74r3xQ,"Mister Seiko",1
22543,UCRz3cfcgQaSVlkc2W3OhuZA,"King Sewayne",1
22544,UCXF0ZdCANq7-Y_oRl4sXdUg,VezonZone,1
22545,UCSdQlMWuQtZxJS6HjwlhTuw,uglynoodles,1
22546,UCz0mZYV1z4-xuU-kFp-QVMg,Lumi,1
22547,UCngmwOpO793_3PNPK6QO4Yw,"Bastien J",1
22548,UCOkj6XjYAvr67andbFCfKNw,Awry,1
22549,UCXWR9bPKi4wtWo-9wiLMSWQ,"Jacob Watkins",1
22550,UCX4CwARyPdo1U1Iv4fxAcZA,"Arnaud H",1
22551,UC75VNMmIYBQpar_O8A0ZKAA,RodBwHacK,3
22552,UCXBsMITvV9R4v18QSdrGVWQ,"Dylan Gilbert",2
22553,UCQAZmrx3ajzdj5r-Iug_LLA,"eL .AnGsT",1
22554,UCiLPIfQtVxRHVgQzqmifXmw,euphade,1
22555,UCqyNDKmQaouj4UZO9PP9cFw,"Living Hitokiri",1
22556,UCSvAKJt2fU1QmUSWEUuiQ8Q,"Crimson Fox",2
22557,UCDhxF8A7-EH9viVn_Xb57MA,nrehc83,1
22558,UClT1pS5IE7PzdKptNINlT4w,"EmptyCerealBowl MMA",2
22559,UC9elQjyPpvH97PUR2ZhnBrQ,Dreamboum,1
22560,UCO_WvGEYeUEv3-H4giwGNEw,morbolous,2
22561,UCalBKF4RZCaM2VGGHywRZ1w,"Minion the Heartless",1
22562,UCFu0v3hZq0JUKC-HdicgTQg,"Santeri Hirvilammi",1
22563,UC6kAOpRUjROap3W-pIwcyzQ,ReadyAimFire,1
22564,UCGFxhqUDe8sVAUYTEW0ik6Q,"Roberto Jr. Gilnei",1
22565,UCAtGW6H0wMe4bYxIwNRR6Vg,hcnuup,1
22566,UCjzuFbnUDE_SdORZ6Z1znsw,"jorge cid angel",1
22567,UCfRZHPzioKynGvELdpBcfYg,gameskimo64,1
22568,UCIQLIkfaonEisxFdTA9c-rQ,"The Tempestrom And The Aftermath Thereof",1
22569,UCbUtB5KvKksC5081q3urEVA,mylastvideos,1
22570,UCphBb_UV3tUkrQi7mqq7OWw,yori,1
22571,UCtY38qROn-vsFZROM2ZtUwg,"Daniel Araujo",1
22572,UCD9WLwSLtUy3R_vsFgGLZDQ,mopbrothers,1
22573,UCnlZ-RhbwMT5YIw8A82dw8Q,"車寶山",1
22574,UCSqrSkYrAHvpy7DIyN6DG4g,"Un Usuario Más",1
22575,UCexC1QVAz_7J38mIqKARIBg,l0stndamned,1
22576,UCVyPBEby0FiGbBGlVLY0OpA,"Andrew McCoy",1
22577,UC9-VEuOW0cCkbWwUeVPP18Q,"Алексей Антонов",1
22578,UClfk_5jBZs_TaOnlUgH-8FQ,DrSqualala,1
22579,UChtRYJnzIXDEDTwZJDQNxtQ,oliboul,8
22580,UChuk42NVJNf_LzNunFH8eYg,Mammuth,4
22581,UCG-HD6sjEubJ-ojY1y-EWpw,Drumjod,1
22582,UCwxXL5oWBm5qnMG2komJjwQ,strikerk,1
22583,UC4Sal3cwS8kE8YgVShW2t8w,Gusabie,1
22584,UC0QK1Hb3kXWuhbB9rz9QgnA,dukbomb,1
22585,UC-uhPyr7HN5eRcEtdWXQJ5w,Tak,4
22586,UC_vyInvvFLfznvbHLgvDNjw,Zelkyys,1
22587,UCmPYSznJkCx23QZ6COrAVeg,BenadrylJackson,1
22588,UCMrwA1jkQ7satJXLbSjE-Vw,"Peter Scott Wilson",1
22589,UCgsJ8WyxnNJHBhxXz6s6jZg,boxerhummer,2
22590,UCqQcvHQD5dBHfpnYxuaqZFA,"Lemuel Delvalle",1
22591,UCzG7sHTwexyp7WZiCMD1V3g,TimeFireProductions,1
22592,UCyFFxz0zNg5Wz1vDed3xAuA,FireKirby7,1
22593,UCPAKNMlXrxHWq-xxDPR_B3Q,"Jason Jordan",1
22594,UC5JJXOkHvtyaaE6mN5tjN_g,"Gabriel Knight",1
22595,UChUV1sEC7Qdnm9ZR2dk2APg,"Xavier Dang",55
22596,UCoVNzM7Zv1UYGRA9nV0Vi_A,meischoice,1
22597,UCf6X6xvjZY-zHmdBPnUgKFQ,SnakeEater130000,1
22598,UCUvzFGolF4baOlSWLer-9KQ,ArtySlash1,1
22599,UC5v9y98pOiaMuxG2Fn-qy6w,"Livid~♪",2
22600,UC1KUZCWJ24VOOTGrOH-03vA,kokocipher,3
22601,UCzVqUA3Zw3Hl25l7xVpJZjw,"André Felippi",1
22602,UC6MFONedvMMqU5Fg6eI8olA,"Keith Sumner",1
22603,UClKg9GG9cb7dHx_SMQyGWrw,acoti,2
22604,UCmw9AxRiJsreEXKi7XeIyoA,"Ryan Schultz",1
22605,UCFFb6Y39PWrE8UfZyMY1v_w,"Daniel Ferraz",1
22606,UCNaLoagT0C_6ZrmxrODXNpw,"Boom Shardz",1
22607,UCBB78vzUAO7xnzuUvSa2jvA,"Dream Within",1
22608,UCoAN5SgP46Iv7QaaYEHlDaQ,superQuizzie,1
22609,UCBJxAEd1bJcWGxv51wwcodQ,BMXyamabushi,2
22610,UCQ3eYBK8LS-SwZRO5SDD77w,"Steffen Sørensen",1
22611,UCCqNPea99G7WsmTyd7JE2ew,DuoDynamo,4
22612,UCCukqcddqjjRxhJaFnyo6xQ,"Golden Shades",2
22613,UCxa2uZew0MFopG3LWSyuqxw,Magicmeatbag,1
22614,UCp1PGS6r0l1p3isr5jnv4WA,"Darkwing Geese",1
22615,UCTLxYPnGqqXBqWcKwbjcwkA,SuperJustinChannel,1
22616,UCOszlmWECCFF1MXBWw7mgNg,Misterlegoboy,1
22617,UCWsddYS234UpRRxbWPJt7kA,Asayake,2
22618,UCAoTikYE24xL3wozJfMYgFA,"Ro ol",1
22619,UCJ5HxxiL0nt13ldxXAj9o1A,HowlFromBeyond,1
22620,UCKemMl3VqFbZxGtL-NTzIKA,CelestialSushi,2
22621,UCt0obWmMVLOZQ62zhqCRDmg,"Ankle Lint",1
22622,UC8is2ziL7iPjhaqBZo83CaQ,Lerey74,3
22623,UCaHNBG8UVBc5lVH3qoseFaw,Dudeman715,1
22624,UCZGFs1xkV8p01CykqCNclRA,Dashblade,1
22625,UCaYj2s83oCQkoI0yRlH0nWg,TonyBMan,1
22626,UCfKyixft9rP_rnhZxVWW2kg,"David Santos",3
22627,UC3X43iY6K0zxjng1V1osHrw,13LOWmeeh,1
22628,UC81NUhvTMzvaoxVFLv8ldSg,X3r0void,1
22629,UCI_K-uQt_K4Cw-CUDcKZmRQ,"Stephen James",1
22630,UCk3SP7PxZqsQhmpNbas2GUg,blue1alchemist,1
22631,UCB6zQpY58WrNk8qsDO5OS2w,"Brandon Waters",1
22632,UCKHHy9HsPulRi1VuNKxdiuw,KilGalactiqa,1
22633,UCKkeDTox-x-81TsZNi1q54A,"The Lone Heart",1
22634,UCrhXCP2NA3Vx_ycm6GWy2kw,SleepingAwakeProTeam,1
22635,UCCeBZespcuW3q0HRR-_FdhA,"Martín Gonzalez",1
22636,UCAHofxWoc7TPNX-382L3z0w,"Licensed Plumber",2
22637,UCbPuAz6h686pmK2mt1tTkQQ,StabbingKnifes,1
22638,UCokdFNdcRlG0LBe1VPzL6DQ,pw,1
22639,UCrqY9-ZIG2yLWEsCx_lEZQA,RagingBanebou,1
22640,UC7_wNhrLwKqIHcrNKJVQe0g,"Fenril Huayra",1
22641,UCftLm4mef4BBaM6mXnYULeA,TwistedVivid,1
22642,UC2-oH9qIgdYal0u5z4mUDBA,mysterysquick,2
22643,UCcCQgAE03ztk3jLWPXgeMzw,vladimirovitsj,1
22644,UCTdzVRnX8wuTG8ACiXVxi_A,GXSCChater,3
22645,UC4mwV5mXuysk0UtJ6zo4sTA,MrNicohiba,2
22646,UCENWU3-_1_ft4PBu8Y3RD_A,Garian,4
22647,UCX4mZ0J_E5gUj4ugZv94Q7g,Edwardius,1
22648,UCWxvxKbvKPkf_S3oqlIloMA,Nintony,2
22649,UCBv4UHOhq5wkGdIsDML2SDw,Regrocks81,1
22650,UCnxenxtE4m-jM3-bsf5PXwQ,Galactan,1
22651,UCZIaaHyOXeycF9wD4PsQztQ,"Anthony Tarantino",4
22652,UCvDt1SF6lcDgEnhKpXqX9Uw,NonRandomUser,1
22653,UChw3TIti84h4lCsXQjGrS6w,SuperGoku14,1
22654,UCkWP78Uc5YTs_k76CwUCmmA,"Circuit Bird",3
22655,UCaYu3FiFrhr2q_SkBsnITsw,S-K-O,1
22656,UCrsxedwoZEv2Egfaf3d39hw,Iceyroad,1
22657,UCmf4j_Vi_e2BTbkEx04-HGw,Jeffieboi,1
22658,UCZTV8HbCeBojpQ7T6l1Im5Q,"Tania Tok",1
22659,UCqwkfDtpkchU4BPT6vYSiGQ,BishouNoTeresa,1
22660,UCc5aTJ48KOqnJqUTwnLKawQ,"arnaud vannier",1
22661,UCcQkYaD2wW9BDF5L8OZuEgw,"Erick Gonzalez",1
22662,UCc7xA39UTlRiw9pj3y3ZjmA,"BillyBet YT",1
22663,UCx3j2wgVj0thfBCB1JPuWtA,DarkMatter61,14
22664,UCL6A5M33GoRijsZiddpwBrQ,"Mathew West",1
22665,UC_snCc-AYvSHxhjYa1iwcbQ,DjjD,1
22666,UCuA6spcaFwqIK30AepwitmA,"Gil Gameur",1
22667,UCDnuq9rvMPnvImqxELceBQA,Grippleman,2
22668,UClmkaEl-fEPi3s45kT7xeVw,BigBoss24mgs,1
22669,UCJG5ibPU-ltj-MQlDSTYM6A,Blacktop_Shady,1
22670,UCsutmVJdXzmdiv9Wj4imtgQ,YTLatch,1
22671,UCtnnIXe0mKGjqBvwG3KJB-g,Kurakunai,4
22672,UCteUO2191f44q6XSPpkH4Mg,Klorel,1
22673,UCFB_EQUZ4f0190mzD33DvQw,Lecheub,1
22674,UCIEpvdD2QGE3Tf2QDdZEJQg,"Jimmy Lim",1
22675,UCp51twKBMnHlqw1qaC15OQQ,TheLikimi,1
22676,UC0MBw9vgddE-kqB9aAgvy2A,"Florent Cédric",1
22677,UC64sAKKDItorCRNSFfDQObQ,tyrjal,1
22678,UCzIhNsXSzBNRJvhTwidhpgg,SNESology,1
22679,UCYpEvaJ3Xbe6t7xGIiPRHIg,ThanatosZero,1
22680,UCMB-Jnuu9mlIDyaLim0HYVQ,dridrikon,1
22681,UCw-MzRi7N1JbtqVsckAbrFA,Lucifera63,1
22682,UCoFZKD25isiqY1C3sXAIxoA,kadoizo,1
22683,UC9pjd0ZGIKS2l5Zd3ZQw5xA,Se7enBeatleofDoom,1
22684,UCNFilrONuP6EDE_5qkwzJGw,joecamnet,1
22685,UCo5NfDUHJ_Q7qlwu5TAqTOg,Arnito,1
22686,UCGqLv2zsJ2HA0PEA4BaJUTQ,Ppito,2
22687,UCNgFl23kSiqV4T4wBInqtHg,cR4p0,1
22688,UCRuoSvLzYs89MQHf7WDB3NA,danybruyant,3
22689,UCX-mKPVfHTANfoFOS6j3GFw,channelgatari,2
22690,UCDqw-FM2gcMN8fkYbLVAJ1g,"Ray Es",1
22691,UCLto6Cyx2Gi9EGJmVO8tzQw,Nesszors,1
22692,UCiMU1cZ8RUnEhEvQS5TxK-w,Suryce,1
22693,UCIgFjLHy5Oqdg1gQk2PMNbQ,"Geoff Rivers",1
22694,UCSC6DN7sVpFvE_l2MdqiWjA,kobrakae,1
22695,UCgAQGizLZqsnSziriHVs-Iw,TWoH,7
22696,UCJ5nzq8OEFYTlRqpkcM0LNA,"Henrik Axelsson",1
22697,UCUsbVggjTeu1FWaQ3Bm5Kqg,TheRickTuber,2
22698,UCKn-aJDVXN6H6Tc6PPsw86g,tjp7154,1
22699,UCCPxAYwfOVNpKmnnaddaqHQ,SuperTix972,1
22700,UC7Sbbpl0G9bbYeZnQZ3QXYQ,"Khémé",1
22701,UCMQTihyGq0TDUm99vtSdIZg,duscha55,1
22702,UCdDDh_D5qvNKJRWebqITnww,guaskoqizz,1
22703,UCRcn6P20ktDH2MnyyCWDacA,xenotypos,1
22704,UCRUcwKf8yKyg4LJHCE2oksg,JRbowser444,1
22705,UC1FfpD1Hg2VcJfX8s1TFD1w,fromhereon,3
22706,UCf5BSt2J_kvL09_dKkNhqtw,Ron,1
22707,UCXkqydqc89OsaODYuWtacxA,AeliusMajere,1
22708,UCxZQyJDbmrNb9wei0uCe0dA,"Aryll Moo",1
22709,UChWHsBgV8UNIYfBna8a6Jig,akiramitsuragi,1
22710,UCzZb1cakjRMzYdvo8B86SIw,Fleshfeaster,1
22711,UCR3EhzCeYMP5Cz79dHSumHQ,Sombrelame,2
22712,UC0D2OjHcs6hJVntBvmbLd5g,TeddytehBear,3
22713,UCG6_yXoucwuxX96GK8HY_qA,SharntGroSabo,1
22714,UCoLWr9ZX4esjGGrmUNxNIwg,Ixsalit,1
22715,UClVVSH-SDZn1MxoT7P-ZQow,"Queen of Atlantis",1
22716,UCsBWPnGnm7lHMTjtgtMVYEw,"krouch mohamed amine",1
22717,UC7FLQ9hP1uwW30QYWPS2O8A,Malenk0,1
22718,UCEVZT4clvnI383IrF3WIvPQ,Disme,1
22719,UCSF5uHGcs2TNB6xpPLbc71Q,CtrlAltSHIT,1
22720,UCA2JtzASsICul5yuJRPeF0Q,kohtianyi,1
22721,UCZLA6nYH5tQXFULiCgHFnCg,"Quentin GARNERONE",1
22722,UCcwR5ioFie2fMYeDPEuW8IA,"Hairee Stener",1
22723,UCTwJfMcQTBVMKFsmh73RNhA,"Tara Tonberry",1
22724,UC8LMaRZ-FZga2D_U27nY05w,Linkexelo,1
22725,UCveFtKEnCG1eLeotwGFU__Q,cloud,1
22726,UCd7nSn_zR8McdKySFUEh2gQ,Akisamee,1
22727,UCVvKH-EPuDP0WD4h3hHMMAA,HumbleDictator,1
22728,UCTStM-nLbSrBOeucqFGgg0A,flavdk,2
22729,UC3SHBt6Lbff_uN_W2A547Sw,"Garviel Loken",1
22730,UCTRVEmGj-9lNvNL7tfWNv6w,esperkitty,1
22731,UCRpmrVPsaYSGCguQpDJLMyA,beufaledef,2
22732,UCF_yWpDEC77NKjcssiaGygA,"Dr. Gino DiGiannantonio",1
22733,UCKnMJQgqBTHkyy7WDdm7A7Q,"Dalton Trigger",1
22734,UCan3wz92cz4qdu3QLbfDbmw,zyrax2301,1
22735,UC44nZuQvhzgbmNM_gmpT0Tw,"Callum Kennedy",1
22736,UCGROEb5f-6I-hlz8Hmk-uyQ,"Tad Rees",1
22737,UCJOIVTVEVdA0VH_8G29lSYw,sobolekkesha,2
22738,UCaYZVGafWr9T59DlwgTSY_A,Mickael,1
22739,UC3tPNwjBpC5o-_rRUsziT_g,"Nino T",1
22740,UC-CKZ4Q3SIESuYqXSynIk1g,TruthXile,1
22741,UCmf-cW0QcF_LjGEO17tFiQg,"OverCoat Music",1
22742,UCmhP1LwfrJXMGs8cZ0JbmrQ,lachome76,1
22743,UCimf5UfWcC3MlBFtBfr8s3g,couboz,1
22744,UC_ydcBVoE5u8Gzshz8qYJgQ,"Daleo Eaton",1
22745,UCfrdcUHzehbUBKV-dNeSR5w,PPN462,1
22746,UCJuc2fGQr2T7CHYeHyu5log,"Joe P",1
22747,UC8X5Fn8T7gQsyiZfRs6CRIQ,thirdaxe,1
22748,UCjRNFVmlz7ksbNa9uA09U8Q,"Kishin Zephrite",1
22749,UC9M09OgCMkID7BWGbcdFY1A,RhanC777,1
22750,UCYn3IlrE5UOmmV2h-LTPorw,TheGobaar,1
22751,UCgI8Q5TvSTV28cvM80_lcBg,AVeryLongScreenName,1
22752,UC7wCYsSAlLyxzK25kiH6Zwg,Ultima008,1
22753,UCuKeoyl5RxM1cbm3Cdm4_wQ,accountfor1reason,1
22754,UCMPSUzZkNn5kAuepBS5_wPA,LEtsuruta,1
22755,UCRaWSt2Ci2P4fEeY-NUbxVA,"King Velasquez",1
22756,UChRr4_FR1r3akxQamVT2SUQ,Nxklalz,1
22757,UCfQS4EqbrM95Q_D447PYTDw,Abergaz,1
22758,UCos-xqgcAjfF-kFWIomDQRw,"The GobloX",1
22759,UCptxez0fhf-vuDwHR6AwmTg,BoomSaw,1
22760,UCDM59W8md4-f_1gxYepk2vA,Calbion1,1
22761,UCqEQEbg-WN6JYCQJJXmZ3Qw,"Raziel K",1
22762,UC89NKK4mdXL_98IcZawj2fQ,"Jean Marc",1
22763,UCtGL-ACz4hhhGJrhX0-5xIw,Ziggy,1
22764,UC6fe_yGqWb2Uk59YIsGwDew,"Mynthos Tv",1
22765,UCg8Hwarr1gTv1XBIIwh77Ew,Gaousan,1
22766,UCAwXo88dg_QwunS7MDqtW2w,LeRoiSinge,1
22767,UCJYst_AxcoaG5DFxHDLYehw,"Pierre Reault",1
22768,UChw92BnOGRsRBY-EW4CdQSQ,"Laïron LaItremaRon",1
22769,UCyyKJJ4fnDIpEaxcuRtRrzw,HansenPodcast,1
22770,UCP2ITRQOfDZM4YBrbcEVz6A,jnuyng,1
22771,UCCc-Czp4eQxVeoT1iDjxQhA,BGAMESBrasil,1
22772,UC2aUnq1vG7DQgxCiqtdfRhw,Crensler,7
22773,UCsnszR9ElosACI16zUwv25w,theDAZ3000,1
22774,UC67F4ATw-VA6BePOWaOwanQ,waniamage,1
22775,UCsw_TcC6Dy32RqAKajuQiaw,dynpan,2
22776,UCpuixThMNU9NqZwHfsLopWA,"Lucas Novaes",1
22777,UCspWdaawiy3viaBYfbqN82A,Ionescel,1
22778,UCcFKwUZWFy_J3NLu3dggHaw,HappyFunTimeGameBand,1
22779,UCvHGHwdsx1Ejt5nHXBy9XkA,supermachop800,1
22780,UCTCB9R278NmMwLztOY6ioqQ,8bitbubsy,1
22781,UC7-ldofIPL-gkLCuLE_0LAA,"Patrik Weibull",1
22782,UCvdC_X3j8lAG732fQJNruhw,dcrcjoo,1
22783,UCKs1b6Kmi-n5oUFY8jsVcfg,"Alexandr Chernov",1
22784,UCyHmj-14EjQ5jvZiCfn17Ng,RepublicanNatio,1
22785,UCKXhAvfbXmWobHq7nJwbdig,Kenchan23,1
22786,UC3vq_k2KRsGh00434BAvhsQ,"Brian Swahn",1
22787,UCg1D_wQ1feEMY_dPXDL6zsw,SirCyrus0,1
22788,UCINa-VC3udvG3U2sn8D5MMQ,JasonBing231,1
22789,UC1l09i3RP_86HqN1ntzb1uQ,jigglefloyd,2
22790,UC7ZgsrKOwkc0fAwiJDIYIIw,chechar3dg,1
22791,UCpzU9SIAqmMRQUgMZk9wjtQ,"Bruno Bottossi",1
22792,UCdVcHWF2_ZPwMzcpvumh-aA,Sbeast,1
22793,UCHHvwmZFCxvkIZZXLRBlU-Q,KioshiTsuruko,1
22794,UC_wslp-nVPUHjqMh7QQniKA,Draykid,1
22795,UCdBF2BA0-TVCVMTCaUbhxfA,Shaetane,1
22796,UChsumm8K2InmBFR7n0Os-tQ,"Andy Shick",1
22797,UCkvYTa-7uFh3Oq-b-mbo1JQ,Blue,1
22798,UCje--zW0aNadSAi362VGnoA,EliteDoesGaming,1
22799,UCgIdZCwvS8TEPfcupREsCWg,Zyriab,1
22800,UC9KVhJxX4Bjxy3YtzfRWybQ,"Tyrone Branch",2
22801,UCEHWWGJtIYfmrj8VsL6ygpQ,Yisusx98,1
22802,UClLtBNHNHjqrVBDeeqanY8w,MunchJrGames,1
22803,UCJywM3fsdcNXLNoSKvaUMuA,"Quentin CHARLES",1
22804,UCLJ7dtoN23UZM7SPjZJbgwA,bLueyTHPS,1
22805,UCdcSNbnINF0vVHxlM5U3--w,KenChar2015,1
22806,UCHKDnG4qWSVBlftrclQjaxQ,"Robin Laurenssen",1
22807,UCstAOe-Fn5llpiRlf-cCN8A,Cinko515,3
22808,UCuIaJF_UAbK2jL8avxezo6Q,"The Glorious Master Race",1
22809,UCQf6oI_z5m8RQi_8U_fSkkw,LeMacro,1
22810,UCFQoarsk_h68-Od7Db2nsJg,"henri Poisot",1
22811,UC5E1ZBUi26wwYKMwLAgrD8w,"Morphius ZX",1
22812,UCqAhmvL3lr_dHj0UxyYZh6A,"dương thanh minh",1
22813,UCXiDxn49wXZmkKmC9Ym1MQA,ZanTTka,1
22814,UC3-IhcwvWOTQPN_DTY-94XA,"Gregory Pineda",1
22815,UCrwPKt3RpV2dU74iAHizgDQ,"Hagane no Saiyajin",1
22816,UCPrEQTvETd4szDvkPavW_CQ,"Jo Mormont",2
22817,UCUSNtSMKnf5AE06HR3P7DWQ,"Tyler Baker",1
22818,UCcVU1IZBxqmHyexQQnG9aRg,ajen003,1
22819,UCvCmtJskSzaTbdDlFpKoVaA,mRspokelse,2
22820,UC-qJaWdxCk19MCdZlfha1DA,Ganonbros,1
22821,UCqf_-9-Xou6h6L9s1Ut_w2Q,X2011racer,1
22822,UCjVi3km-tRmnDkGIv9VlalA,-PhantoM-,1
22823,UCVKQ7vrdzcLSAyoVwGzLuYQ,KuroDraken,1
22824,UCoKwpYEeaJGICUlf6P1ATPw,"Hj Jol",1
22825,UCjYGpWB4qBZnJBSTIplOBUQ,"Pok Yannick",1
22826,UCFQnh9PV963ysuJ6DujZG4w,"Eason chan",2
22827,UCYEI0bZOSLdSqGjf1NXYTBg,"William C.",1
22828,UCICpoKMs0H4NxDx44KArv0g,"Duke Muken",1
22829,UCbgySSGeM8N9ACsNWaRtH_w,Czesnek,1
22830,UCpVfUdzD34ooTYWuxS_Ex_A,"DOMBAC Robotics",1
22831,UCM2BlXO5Jh4swcGJZ7I05lg,"ragnatehbloodedge [Amateur as Heck Studios]",1
22832,UCpxycCsrMP8INmdbWFDRvwQ,ZombiesWantEatBrains,1
22833,UC2gkA1_d8o83WqLoVK8P_ZQ,"Ajia Powa",1
